{
  "Pre Seed": {
    "ARR between 0 and 2": 0.7625607779578606,
    "ARR between 2 and 5": 0.18719611021069693,
    "ARR between 5 and 10": 0.031604538087520256,
    "ARR between 10 and 20": 0.012155591572123177,
    "ARR between 20 and 50": 0.0024311183144246355,
    "ARR between 50 and 100": 0.0008103727714748784,
    "ARR between 100 and 500": 0.0008103727714748784,
    "ARR between 500 and 1000": 0.0008103727714748784,
    "ARR between 1000 and inf": 0.0016207455429497568,
    "count": 1234
  },
  "Seed": {
    "ARR between 0 and 2": 0.5459135373934996,
    "ARR between 2 and 5": 0.3155569580309246,
    "ARR between 5 and 10": 0.096244872199432,
    "ARR between 10 and 20": 0.024613442726412117,
    "ARR between 20 and 50": 0.010728936573051436,
    "ARR between 50 and 100": 0.002840012622278321,
    "ARR between 100 and 500": 0.003786683496371095,
    "ARR between 500 and 1000": 0.0003155569580309246,
    "ARR between 1000 and inf": 0.0,
    "count": 3169
  },
  "Series A": {
    "ARR between 0 and 2": 0.2876712328767123,
    "ARR between 2 and 5": 0.2905251141552511,
    "ARR between 5 and 10": 0.23573059360730594,
    "ARR between 10 and 20": 0.10159817351598173,
    "ARR between 20 and 50": 0.0593607305936073,
    "ARR between 50 and 100": 0.017123287671232876,
    "ARR between 100 and 500": 0.00684931506849315,
    "ARR between 500 and 1000": 0.001141552511415525,
    "ARR between 1000 and inf": 0.0,
    "count": 1752
  },
  "Series B": {
    "ARR between 0 and 2": 0.1188118811881188,
    "ARR between 2 and 5": 0.3069306930693069,
    "ARR between 5 and 10": 0.25292529252925294,
    "ARR between 10 and 20": 0.1548154815481548,
    "ARR between 20 and 50": 0.09090909090909091,
    "ARR between 50 and 100": 0.0405040504050405,
    "ARR between 100 and 500": 0.0333033303330333,
    "ARR between 500 and 1000": 0.0009000900090009,
    "ARR between 1000 and inf": 0.0009000900090009,
    "count": 1111
  },
  "Series C": {
    "ARR between 0 and 2": 0.0686456400742115,
    "ARR between 2 and 5": 0.16512059369202226,
    "ARR between 5 and 10": 0.24118738404452691,
    "ARR between 10 and 20": 0.16883116883116883,
    "ARR between 20 and 50": 0.17439703153988867,
    "ARR between 50 and 100": 0.10946196660482375,
    "ARR between 100 and 500": 0.0686456400742115,
    "ARR between 500 and 1000": 0.0018552875695732839,
    "ARR between 1000 and inf": 0.0018552875695732839,
    "count": 539
  },
  "Series D": {
    "ARR between 0 and 2": 0.023923444976076555,
    "ARR between 2 and 5": 0.10526315789473684,
    "ARR between 5 and 10": 0.11004784688995216,
    "ARR between 10 and 20": 0.23444976076555024,
    "ARR between 20 and 50": 0.19617224880382775,
    "ARR between 50 and 100": 0.15789473684210525,
    "ARR between 100 and 500": 0.15311004784688995,
    "ARR between 500 and 1000": 0.019138755980861243,
    "ARR between 1000 and inf": 0.0,
    "count": 209
  },
  "Series E": {
    "ARR between 0 and 2": 0.03,
    "ARR between 2 and 5": 0.03,
    "ARR between 5 and 10": 0.13,
    "ARR between 10 and 20": 0.13,
    "ARR between 20 and 50": 0.21,
    "ARR between 50 and 100": 0.18,
    "ARR between 100 and 500": 0.23,
    "ARR between 500 and 1000": 0.06,
    "ARR between 1000 and inf": 0.0,
    "count": 100
  },
  "Series F": {
    "ARR between 0 and 2": 0.021739130434782608,
    "ARR between 2 and 5": 0.021739130434782608,
    "ARR between 5 and 10": 0.043478260869565216,
    "ARR between 10 and 20": 0.043478260869565216,
    "ARR between 20 and 50": 0.13043478260869565,
    "ARR between 50 and 100": 0.2391304347826087,
    "ARR between 100 and 500": 0.2826086956521739,
    "ARR between 500 and 1000": 0.13043478260869565,
    "ARR between 1000 and inf": 0.08695652173913043,
    "count": 46
  },
  "Private Equity": {
    "ARR between 0 and 2": 0.10135135135135136,
    "ARR between 2 and 5": 0.10135135135135136,
    "ARR between 5 and 10": 0.17567567567567569,
    "ARR between 10 and 20": 0.12162162162162163,
    "ARR between 20 and 50": 0.13513513513513514,
    "ARR between 50 and 100": 0.1554054054054054,
    "ARR between 100 and 500": 0.14864864864864866,
    "ARR between 500 and 1000": 0.02027027027027027,
    "ARR between 1000 and inf": 0.04054054054054054,
    "count": 148
  }
}