{
  "pre_seed": {
    "ARR between 0 and 2": 0.8911184784505322,
    "ARR between 2 and 5": 0.08201012039783633,
    "ARR between 5 and 10": 0.01605304484383179,
    "ARR between 10 and 20": 0.0047112196824288955,
    "ARR between 20 and 50": 0.0022683650322805793,
    "ARR between 50 and 100": 0.0010469377072064212,
    "ARR between 100 and 500": 0.001570406560809632,
    "ARR between 500 and 1000": 0.00034897923573547375,
    "ARR between 1000 and inf": 0.0008724480893386843,
    "count": 5731
  },
  "seed": {
    "ARR between 0 and 2": 0.6882384373330167,
    "ARR between 2 and 5": 0.24158404084782997,
    "ARR between 5 and 10": 0.04862554176809357,
    "ARR between 10 and 20": 0.01134002256130143,
    "ARR between 20 and 50": 0.004868491361396426,
    "ARR between 50 and 100": 0.001959270913732708,
    "ARR between 100 and 500": 0.002018642759603396,
    "ARR between 500 and 1000": 0.0007124621504482574,
    "ARR between 1000 and inf": 0.0006530903045775693,
    "count": 16843
  },
  "series_a": {
    "ARR between 0 and 2": 0.3171754835702633,
    "ARR between 2 and 5": 0.41016080167793056,
    "ARR between 5 and 10": 0.1796783966441389,
    "ARR between 10 and 20": 0.05336751340013983,
    "ARR between 20 and 50": 0.024236774644604987,
    "ARR between 50 and 100": 0.0072244232113726405,
    "ARR between 100 and 500": 0.006408762526217665,
    "ARR between 500 and 1000": 0.00023304591004427873,
    "ARR between 1000 and inf": 0.0015147984152878117,
    "count": 8582
  },
  "series_b": {
    "ARR between 0 and 2": 0.1282695124503034,
    "ARR between 2 and 5": 0.2667922159447583,
    "ARR between 5 and 10": 0.30947897049591966,
    "ARR between 10 and 20": 0.16216781753504916,
    "ARR between 20 and 50": 0.08621050428960034,
    "ARR between 50 and 100": 0.029922577945176814,
    "ARR between 100 and 500": 0.015065913370998116,
    "ARR between 500 and 1000": 0.0010462439840970914,
    "ARR between 1000 and inf": 0.0010462439840970914,
    "count": 4779
  },
  "series_c": {
    "ARR between 0 and 2": 0.09022887323943662,
    "ARR between 2 and 5": 0.1382042253521127,
    "ARR between 5 and 10": 0.21919014084507044,
    "ARR between 10 and 20": 0.230193661971831,
    "ARR between 20 and 50": 0.17913732394366197,
    "ARR between 50 and 100": 0.08626760563380281,
    "ARR between 100 and 500": 0.050616197183098594,
    "ARR between 500 and 1000": 0.0044014084507042256,
    "ARR between 1000 and inf": 0.0017605633802816902,
    "count": 2272
  },
  "series_d": {
    "ARR between 0 and 2": 0.06742738589211618,
    "ARR between 2 and 5": 0.10062240663900415,
    "ARR between 5 and 10": 0.12033195020746888,
    "ARR between 10 and 20": 0.16597510373443983,
    "ARR between 20 and 50": 0.21369294605809128,
    "ARR between 50 and 100": 0.16804979253112035,
    "ARR between 100 and 500": 0.15352697095435686,
    "ARR between 500 and 1000": 0.008298755186721992,
    "ARR between 1000 and inf": 0.002074688796680498,
    "count": 964
  },
  "series_e": {
    "ARR between 0 and 2": 0.022058823529411766,
    "ARR between 2 and 5": 0.06862745098039216,
    "ARR between 5 and 10": 0.09803921568627451,
    "ARR between 10 and 20": 0.08823529411764706,
    "ARR between 20 and 50": 0.2034313725490196,
    "ARR between 50 and 100": 0.19117647058823528,
    "ARR between 100 and 500": 0.2818627450980392,
    "ARR between 500 and 1000": 0.03431372549019608,
    "ARR between 1000 and inf": 0.012254901960784314,
    "count": 408
  },
  "series_f": {
    "ARR between 0 and 2": 0.005376344086021506,
    "ARR between 2 and 5": 0.03763440860215054,
    "ARR between 5 and 10": 0.06989247311827956,
    "ARR between 10 and 20": 0.05913978494623656,
    "ARR between 20 and 50": 0.05913978494623656,
    "ARR between 50 and 100": 0.23118279569892472,
    "ARR between 100 and 500": 0.3978494623655914,
    "ARR between 500 and 1000": 0.0913978494623656,
    "ARR between 1000 and inf": 0.04838709677419355,
    "count": 186
  },
  "private_equity": {
    "ARR between 0 and 2": 0.11014788373278939,
    "ARR between 2 and 5": 0.16522182559918408,
    "ARR between 5 and 10": 0.19530851606323305,
    "ARR between 10 and 20": 0.1514533401325854,
    "ARR between 20 and 50": 0.13972463029066803,
    "ARR between 50 and 100": 0.08261091279959204,
    "ARR between 100 and 500": 0.10912799592044875,
    "ARR between 500 and 1000": 0.020907700152983173,
    "ARR between 1000 and inf": 0.025497195308516064,
    "count": 1961
  }
}